[
  {
    "start_time": "1.41",
    "translated": "PlAcEhoLDeR, PlaCEholDEr PLaCEhOldeR PlaCEHolDeR pLACEHOlDEr pLacEHOLDER PLAcEhOLder plaCEhOLDer PLAceholdeR pLacEhOLder plAcEHolDEr placeHOLDer."
  },
  {
    "start_time": "6.79",
    "translated": "pLACeHoLdeR PlaceHOlDer PlACEHOLDEr PlAcEHolder pLaCehoLdEr plaCEHolDER PlACehOLDeR PlacEHOlDer PLAceHOLDEr pLAcEhoLDer pLAcehOlDer PlAcEHoLdEr PlAceHoLDEr, PlAcehOLder PlAcEhOldeR PLaCeholDEr pLACehoLdEr PlACEhoLdEr pLAcehOlder plAcEhoLDeR pLacEhOLdeR PLACEholDER PlaCehOlDER PLACEHoLder, PlACeholDer PlaCeHOLDer plAcehOlDeR PLACehoLder placEHolDeR PLacEHoLdeR placEHOlder plaCehoLdER plACEhOLdEr, plaCEhOlDER PLaceHOlDer plAceHOLDer pLaCeHOLdER pLaceHOLdER pLaCeHoLDEr pLAcEhOLDeR placEhOlDer PlAcEholDER pLaCEHolDer placeHolDer placeholDER PLACehOldeR plAcEhOLdEr pLaceHoLder PLACehOLDer pLAcEhOlder PLAcEhoLDER pLACeHolder PLaceholDeR PLACEHOLDEr."
  },
  {
    "start_time": "25.44",
    "translated": "pLACEHoldeR PLACEHolDeR plAcehoLdEr pLaCeHolDer pLAcEholdER PlaCeHolDEr pLACeHoLDEr PLaCEHOLdEr pLaCEholdeR pLaCehOlDer plaCEholDeR PlAcehoLDEr PlAcEhOLDeR, PLaCEholdEr plACehOlDeR PlAcehoLdeR plACEHolDeR PLACeHOldEr PlAcEHOLdeR PLaCehOlder, plAcEhOlder PlAcEhOLDer PlacEholDEr PLACEhOlDeR plAcEholdeR pLaceHolDEr pLaCehoLder PLACEHolDER, PlACehOlDer plACEhoLDeR PlAcehOLDEr pLACeholDer pLAceHolDER pLacEHOLDeR plAceHoLdEr, plACeHoLDeR PLAcEhOLDeR PLaCEHOldeR, pLAcEhOLDer PLACEHoldEr placEHOldeR PlacEHoldER PlaCeholder PlacehOLDer PlaCeHOLdeR pLACeHoLder PLaCeHoldEr pLAceHOLdEr."
  },
  {
    "start_time": "44.54",
    "translated": "pLacEhOLdeR plAceHoLdER PlaCeHolder plAceHOLDEr placeHoLDER PlaCeHOldER pLACEhOLDER pLacEhoLder PLaceHolDER."
  }
]
